,x,y,emoji
0,-8.698012635961394,-7.8154449183940224,#️⃣
1,4.330303377577347,-3.4565241095981927,*⃣
2,-15.371864931269005,-1.3706609923350626,0️⃣
3,-15.247318311731638,-2.8241430280690456,1⃣️
4,-14.846179524735703,-3.103987155501909,1️⃣
5,-11.27402151510288,-3.99050893571347,2⃣️
6,-15.012638990017843,-3.4948268860010834,2️⃣
7,-13.867344628969166,-3.1150508398475902,3⃣️
8,-10.65387157673131,-7.147745443392217,3️⃣
9,-12.83214877785017,-4.242070140862427,4⃣️
10,-15.551585157222403,-2.156411502130623,4️⃣
11,-11.223250623810346,10.389982048046058,5⃣️
12,-10.818394966864107,0.32815696049754095,5️⃣
13,-7.232821748952276,-5.467781360846731,6⃣️
14,-15.670111048860678,-2.1256695873732987,6️⃣
15,-12.702638842058331,-4.2630700090593345,7⃣️
16,-15.224633936503883,-2.8814593059861915,7️⃣
17,-5.8273027047826025,-7.841222160094237,8️⃣
18,-3.1406487624297754,9.258761995822596,9⃣️
19,-15.056379907602006,-3.205742043752971,9️⃣
20,-9.72492653399678,-5.582895183136603,©️
21,1.52313810692299,-1.5906032940005523,®️
22,-4.101141525282813,-3.2551542393321458,‍
23,-14.272276631003603,15.078896851989018,‼️
24,-14.513991845183279,-1.6993340267526222,⁉️
25,-15.602931569538276,-2.3369775578311915,™️
26,-7.101669748073177,-9.905423028227592,ℹ️
27,-16.876577737446393,3.9119734946973925,↔️
28,-8.739307924314735,9.86097842559721,↕️
29,-12.615090639906322,2.5696422038677653,↖️
30,-13.16815527616988,6.841602879208936,↗️
31,-13.645065226093264,2.5143133080334783,↘️
32,-11.705682946960467,3.3416175148962934,↙️
33,13.992699341914438,4.470998526661023,↩️
34,-13.583495738761275,7.418117369658345,↪️
35,-12.378435676642082,2.9657256607300355,⌚
36,-8.348842007144258,-12.309682067462504,⌚️
37,2.015731117200391,2.4894511639621077,⌛
38,5.622472176297991,-2.9375948393649414,⌛️
39,12.914267214405372,-1.9024352709611296,⌨
40,-9.88758609794829,-10.581280403971578,⏏
41,-10.039291176554395,5.360012994820532,⏩
42,1.3655326330724429,-7.7175966706678025,⏪
43,-1.1081965346690537,3.6645723930278837,⏰
44,-9.767699328768524,-5.180198429379513,⏱
45,-3.632561419455191,-3.6917659378551773,⏲
46,-10.239561473845162,0.8090753293345062,⏳
47,-11.74816398693843,3.353749447545287,⏸
48,-3.1737744613528633,9.254332903314904,⏹
49,-17.506202676045113,-2.8687489112331335,⏺
50,-15.319523619865539,-3.6381318013900157,Ⓜ️
51,-12.884072537636944,6.309226458096196,▪️
52,-14.006757321382501,5.680183018110403,▫️
53,-5.942279136242875,-13.342376073467895,▶️
54,-12.328822864114235,2.086162045930008,◀️
55,-13.984769974854599,2.482173547645513,◻️
56,-7.0489164699198525,-11.306293983445691,◼️
57,-13.728111884048193,6.8724978723148435,◽
58,-13.98779881404012,4.117917135187377,◽️
59,-13.886890769689039,7.051772561524783,◾
60,-13.531268903362443,6.97766414023051,◾️
61,-10.132410022688356,11.067564921211757,☀️
62,-15.212542624739806,7.5412153891380065,☁️
63,-12.715672877957202,11.730591991374608,☂
64,9.908823681032123,-3.1061363044921286,☃
65,-5.329609935814214,-1.8795805207914171,☄
66,-8.880804748491384,-9.1400608815482,☎️
67,-4.394699525540363,-9.449488973752333,☑️
68,-10.106764315831011,8.604094454031314,☔
69,-13.684953244135183,4.088150173766595,☔️
70,9.301690876670973,6.316150088701017,☕
71,-7.460242694145228,-6.824960301740971,☕️
72,9.478441079727395,-1.6439008914903854,☘
73,-17.7531037034262,12.720250954052158,☝️
74,-13.79844318655381,13.879166356370195,☠
75,-0.931623456169428,13.578983989198473,☢
76,-0.963643642119349,13.584626741616566,☣
77,-16.339898716163514,2.7784990831105842,☦
78,-9.903326823507406,-12.618746961943671,☪
79,-0.4371059663971912,13.031327671955445,☮
80,5.896582870357796,-4.923216119405367,☯
81,-6.064375368484894,11.466062516651352,☸
82,-7.452086680608118,15.696042521605913,☹
83,-4.4643804988183975,17.058960236537718,☺️
84,1.563460938691462,0.812454548348944,♈
85,3.168367923765553,-1.0664179458631395,♈️
86,4.647253845205903,0.526830505725307,♉
87,3.0851246069617537,-0.6656983822766495,♉️
88,2.324590061298271,-0.07883671776239491,♊
89,2.4175820971281983,-0.534048219131514,♊️
90,3.4847959415960803,1.0098166030496971,♋
91,3.460006938644655,0.8479521606017978,♋️
92,3.5126643162847726,-0.45637108669704485,♌
93,2.3067689331935193,-0.02065624244719725,♌️
94,3.4188683860847493,-1.1159097272533502,♍
95,2.747394689848358,-1.9991657581168432,♍️
96,4.916754980133085,-0.03753040821596226,♎
97,3.593517351828073,0.1473907525341836,♎️
98,4.2301288729620445,0.33619966871124457,♏
99,3.248469133419799,-0.5299905829852736,♏️
100,3.251417429625717,-0.9402881464526945,♐
101,3.0119656452576735,-0.3515436744392828,♐️
102,2.798546124953192,-1.2761054564303123,♑
103,2.053987581251617,-0.6002295656683075,♑️
104,3.5085862952880555,0.49007827752376154,♒
105,3.523250201900519,1.1091046764144952,♒️
106,4.370901140565026,0.3506849213248903,♓
107,4.364010161516065,0.5222235708760989,♓️
108,-9.604655840147684,2.0411643234149497,♠️
109,5.528652256061333,3.326250611835921,♣️
110,-13.941095427007403,-4.295522469602874,♥️
111,-2.1116154359974826,12.707456845111338,♦️
112,8.409445786289778,2.2419537659687063,♨️
113,-22.34499254011178,-6.14165118749427,♻️
114,3.2996720660286813,-4.165870649719808,♿
115,-1.536129992058881,13.735714558013756,♿️
116,-15.332442856936138,2.367964737898907,⚒
117,-1.027192449812022,1.070671111029436,⚓
118,-2.526077214264546,8.07028771416519,⚓️
119,-17.350422830461174,3.7529462912859106,⚔
120,-6.82965206465545,3.883280254814644,⚖
121,7.455360260914269,-6.0257194712897615,⚗
122,0.6622042284144634,-8.451500576761733,⚙
123,-10.95673878258176,-11.000634869691991,⚛
124,-13.667789678670632,-3.626431872562293,⚠️
125,-0.7007423059489788,3.0854366522167593,⚡
126,1.6467542215768423,-1.5041084338019777,⚡️
127,-13.757090323760288,6.2282408920488885,⚪
128,-14.333554481663837,6.846131122511376,⚪️
129,-9.48664113790151,7.08703475238435,⚫
130,-14.25720387359461,6.093506151670688,⚫️
131,-14.458521843953795,-2.600524883406953,⚰
132,14.718842046381951,3.72146887433992,⚱
133,-7.501382205219374,1.6951102317544668,⚽
134,-6.515615784157728,0.6640987363487043,⚽️
135,-2.38501273402006,6.99880353810574,⚾
136,1.1690648853482906,-7.922174259719433,⚾️
137,3.3068383717589196,9.00607773619658,⛄
138,-7.93070729400633,8.560044772806341,⛄️
139,-6.15991266769715,4.609876690051632,⛅
140,-3.6167999210203603,4.1387426432483085,⛅️
141,-12.641022661324742,3.4392733372422195,⛈
142,4.8344233869684725,-1.2440728533448207,⛎
143,-6.1797861480690655,-4.029308618010372,⛏
144,-17.37588338992916,7.169570517718953,⛑
145,-9.036785071005857,-0.9223252824006356,⛓
146,9.301932155706526,10.418123814420587,⛔
147,-6.447545219708252,-11.38983541203359,⛔️
148,1.714867612590342,-2.868191054104802,⛩
149,-0.806494695772629,-10.506731709607442,⛪
150,15.054959550718237,4.8185822669388925,⛪️
151,7.860108118005367,1.8148825946326272,⛰
152,-1.3572478713513518,14.009861321849138,⛱
153,-5.135299902474604,-1.7365222182528217,⛲
154,14.518552733721547,3.912335416609535,⛲️
155,-17.195007963152573,0.4670259523228179,⛳
156,-10.038610063405178,12.997256143709512,⛳️
157,4.929518848108337,-8.301426157813578,⛴
158,3.5018748646559614,-6.531654091046726,⛵️
159,-3.978751020750563,-2.3184976156954877,⛷
160,-10.766343608813115,-7.773697432377356,⛸
161,-12.42701236435659,2.2134487002364636,⛹
162,10.414457128202953,-5.405630840459551,⛺
163,10.457281589683893,-5.415132043626827,⛺️
164,8.190484253883117,-7.408494342041983,⛽
165,-4.12442088897047,-2.577543347721165,⛽️
166,4.979469443237541,7.15509900864819,✂️
167,-18.056714764349945,7.743338687205361,✅
168,-0.23734286467018992,-8.70445242930921,✈️
169,-9.41132383922374,-11.022890304544903,✉️
170,-12.774326761653501,10.547162333554295,✊
171,-15.841352137459797,15.060217019982241,✊🏻
172,-13.731284230775504,7.568211019604752,✊🏼
173,-6.361139157398196,15.475033159949314,✊🏽
174,-9.54285413356534,16.147612184566107,✊🏾
175,-11.465984955321666,10.809081975346004,✊🏿
176,-11.907312804422562,2.039713091055644,✋
177,-14.726871904185964,15.932845164243647,✋🏻
178,-13.149233324215583,10.205334337816304,✋🏼
179,-6.302338851319671,15.043826400861278,✋🏽
180,-6.288491278351712,15.18596306394866,✋🏾
181,-8.77117506113616,10.45071467288494,✋🏿
182,-9.440820021378796,-3.583464689499186,✌️
183,-12.105437366130369,-1.7249386953533938,✍
184,-13.874412982880058,13.860785727615834,✏️
185,-12.909762071669723,4.8903157769949015,✒️
186,-8.541072677013469,-12.051780132904252,✔️
187,-9.32383907552779,-12.047918322396061,✖️
188,-11.055521321602821,4.476159912472499,✝
189,-16.190382137373216,6.0520764385564005,✡
190,7.47434610920092,-1.1688060474586919,✨
191,-9.563499163504304,-7.634039999503518,✳️
192,-14.636672948597605,13.860256991786617,✴️
193,-2.865147490124926,8.609649589540021,❄️
194,9.08839242689123,-0.9258411426882703,❇️
195,-2.689063534583265,-0.27658587097128257,❌
196,-13.7316477898658,0.545009427702073,❎
197,-11.87454002530239,5.9439486418646545,❓
198,-17.597206880086382,7.313921343329436,❔
199,-16.682419630325466,8.598388728725192,❕
200,-5.597091473978828,6.371404643123668,❗
201,-15.963152439180101,6.830830226513047,❗️
202,-16.54035503803983,4.851208699600775,❣
203,-1.918086602916491,12.428561956718347,❤️
204,-14.537861630035296,-3.4788545549473366,➕
205,-14.134203894733764,-3.624557259653327,➖
206,-13.72487332841735,-2.14049321536031,➗
207,-15.916678520187949,7.58530408730165,➡️
208,-1.5328484903626047,7.06859623177813,➰
209,-5.197763812247871,1.3187735636754363,➿
210,-13.744331453087463,3.8279605509775396,⤴️
211,-15.882687622556661,7.705473362531015,⤵️
212,-17.361295709684676,5.996461700770614,⬅️
213,-16.438295758525594,7.998580885889312,⬆️
214,-14.157445759979474,9.428725262013252,⬇️
215,-14.042947129863427,2.379165813566075,⬛
216,-13.808634616165648,6.020510835698287,⬛️
217,-14.319583110343363,6.9391765012763855,⬜
218,-14.16581893079444,3.4053170366310064,⬜️
219,-5.687317828699441,6.5732287622605625,⭐
220,-15.154170754482085,4.9127930251039444,⭐️
221,-8.217811131974631,4.129309220052375,⭕
222,-10.135486289334045,12.18413691575199,⭕️
223,7.866226174676107,1.6552762268402672,〰️
224,-0.5859820093603975,1.8345420599586628,〽️
225,6.166008887595558,-0.5301901490951724,㊗️
226,-11.413330988498878,-1.8920421867243546,㊙️
227,5.928353315711857,-7.541154983059515,
228,-0.5452705270413982,6.867753443313247,🀄
229,-6.420972091447428,11.743620310829256,🀄️
230,4.1429438742775035,2.3343924960325886,🃏
231,14.894547484760729,4.40735955651361,🅰️
232,13.512715035176685,4.696913767454754,🅱️
233,-8.37431613004429,-8.006230731041834,🅾️
234,-4.564980974462086,-9.326286123994201,🅿️
235,5.498599034620399,-7.809518074905577,🆎
236,-9.18898601194591,-3.3966093789617253,🆑
237,-13.49083374694089,4.692405635652054,🆒
238,-10.174373107661593,-3.9409967767076606,🆓
239,1.6841913745808785,-2.895590764388366,🆔
240,-2.2598157845691356,-7.577245909592555,🆕
241,5.113694219529286,12.643029310956388,🆖
242,-10.62440002927036,14.263648477332138,🆗
243,-0.10759663694513846,0.6125799549342896,🆘
244,-7.643881722076817,-4.825624387655881,🆙
245,-9.028579480905611,-12.44608233414534,🆚
246,-17.204154959393694,-6.723284690312728,🇦🇨
247,-8.0049858286947,-4.082589836296829,🇦🇩
248,-22.93945932650208,-1.1745848824409086,🇦🇪
249,-10.119587799152217,-5.100442408196158,🇦🇫
250,-23.039590413088625,-7.745794267639076,🇦🇬
251,-23.363152081968675,-6.329263426605039,🇦🇮
252,-14.119107323686869,-7.120454758168998,🇦🇱
253,-25.105992634822158,-3.9542848965086588,🇦🇲
254,-9.773820504309066,-5.096258934945318,🇦🇴
255,-12.523585964554078,-8.492430754622282,🇦🇶
256,-22.368943665169894,-1.2296860856036516,🇦🇷
257,-8.29455957114567,-5.483026784922114,🇦🇸
258,-22.61236843695314,0.3076658771785761,🇦🇹
259,-25.018974277960638,-1.419845140905752,🇦🇺
260,-21.791538236419086,-7.175638890622447,🇦🇼
261,-21.551040373945987,2.4745312403207222,🇦🇽
262,-23.270432751896905,1.393404422883447,🇦🇿
263,-23.476992834286047,-7.112088111857719,🇧🇦
264,-10.31216390154158,-6.997708234172626,🇧🇧
265,-21.677360137562374,-6.30419292633668,🇧🇩
266,-10.872015389719051,-10.188259311516696,🇧🇪
267,-20.975084451830178,-3.5036577256007924,🇧🇫
268,-21.54412924866527,1.1680400139522085,🇧🇬
269,-24.634877390127777,-3.412555998976297,🇧🇭
270,-14.68556792524578,-7.27156007652083,🇧🇮
271,-20.67868669133595,-3.4003506311518747,🇧🇯
272,-21.835548379552502,-3.554222810609884,🇧🇲
273,-25.579566041814356,-4.223245399735209,🇧🇳
274,-24.846578998538526,-1.7351687617456666,🇧🇴
275,-22.013030222214063,0.17513743257009873,🇧🇶
276,-10.928223093722892,-5.554487578340189,🇧🇷
277,-24.23681299085684,-4.235574763149647,🇧🇸
278,-13.179547035274343,-6.703104466871972,🇧🇹
279,-23.76624530945418,-2.3341412143806948,🇧🇻
280,-9.730977951472386,13.676785415054637,🇧🇼
281,-15.759641222379908,-6.732763152508823,🇧🇾
282,-6.24681382125791,-6.112145781460208,🇧🇿
283,-22.04598594227629,-2.718961780564324,🇨🇦
284,-23.026424393253443,-1.7599914128990668,🇨🇨
285,-23.0722404395134,-7.867708688246631,🇨🇩
286,-21.97128066260499,-7.582249205393333,🇨🇫
287,-10.257006020436942,0.5735059368387991,🇨🇬
288,-14.382852197867777,3.802727111969718,🇨🇭
289,-21.79925918913129,-6.974522243423367,🇨🇮
290,-24.21632003144947,-1.157100761582023,🇨🇰
291,-10.343753094072516,11.794805265605598,🇨🇱
292,-25.10046225635832,-5.697134497216294,🇨🇲
293,-23.366017752928684,-2.310817843981771,🇨🇳
294,-24.750739065780046,-4.050424975548979,🇨🇴
295,-23.779567338337944,-1.7775951700201449,🇨🇵
296,-21.041572857009786,0.5716871495403691,🇨🇷
297,-20.091465051045308,-8.22591850369957,🇨🇺
298,-23.98901937716806,-3.9755929171960345,🇨🇻
299,-8.494589366784977,-4.715797937814101,🇨🇼
300,-17.756251546855392,6.62645412606696,🇨🇽
301,-23.181710668960932,-5.221747931247111,🇨🇾
302,-24.00514084734447,-5.113007433366774,🇨🇿
303,-22.590950201801814,0.6767846271403427,🇩🇪
304,-23.386727048346135,3.2056105004991395,🇩🇬
305,-21.154469277300194,-5.42917577844518,🇩🇯
306,-22.387722388115662,-4.379114912453125,🇩🇰
307,-21.764583477482784,-5.0627152734394425,🇩🇲
308,-21.22275558702402,-1.654943827766452,🇩🇴
309,-23.34744187154374,1.5551293340668937,🇩🇿
310,-9.851872565840742,-6.886963993024472,🇪
311,-25.504158877186157,-3.1579568420847033,🇪🇨
312,-25.489413586599646,-3.5285462359368718,🇪🇪
313,-9.275124261128877,-5.884541578027736,🇪🇬
314,-24.146570379609276,0.2677333510032591,🇪🇭
315,-23.20501514161983,-5.811160745266668,🇪🇷
316,-13.39996275046559,-8.816730611988536,🇪🇸
317,-9.830270386627076,-6.269808428788021,🇪🇹
318,-8.420959239365136,0.5189617432966604,🇪🇺
319,-20.279006614653877,-6.826494835211285,🇫🇮
320,-23.179495536852045,-5.203666286580714,🇫🇯
321,-18.762934838336307,-4.421519074637749,🇫🇰
322,-3.2103926657796666,9.258764318810998,🇫🇲
323,-19.315555010981516,-2.4399863277591436,🇫🇴
324,-24.750123970769852,-0.7434655237906186,🇫🇷
325,-23.251959019807064,-7.652596792928272,🇬
326,-24.605078256511234,1.6291968739491838,🇬🇦
327,-11.930369236881665,-7.825258611399957,🇬🇧
328,-24.486820856040094,-5.26136627063188,🇬🇩
329,-20.994814185453237,-2.6507453906670704,🇬🇪
330,-11.872808430940154,6.177303340105242,🇬🇫
331,-8.460410118090858,1.3025027235514823,🇬🇬
332,-13.781744152830104,-6.942507629748122,🇬🇭
333,-23.070609565106487,-4.347930584742951,🇬🇮
334,-21.498503130397147,2.3237456377092487,🇬🇱
335,-23.564178622311125,-4.394236110333984,🇬🇲
336,-24.090502656498906,2.7704873068059994,🇬🇳
337,-22.253162063011757,-0.8066240784876799,🇬🇵
338,-21.75294454998153,-7.791523863922414,🇬🇶
339,-18.288078241267897,-7.132697423866068,🇬🇷
340,-22.85438349614529,-6.4850559938870465,🇬🇹
341,-18.921028202284273,-4.545693713663239,🇬🇺
342,-21.565327592008117,-7.594081288296133,🇬🇼
343,-25.07716501434667,-5.261721792996255,🇬🇾
344,-12.7809514860388,-8.517010792335933,🇭🇰
345,-13.027079575027368,-6.491336196810974,🇭🇳
346,-22.673388097063622,2.928601767718793,🇭🇷
347,-22.652446070155555,-0.21653712167095157,🇭🇹
348,-23.558973628453174,-6.26585603997464,🇭🇺
349,-24.86424847583701,3.215903416038495,🇮
350,-22.816014464927076,-2.711667078511199,🇮🇨
351,-24.13456532262566,-4.367828947626929,🇮🇩
352,-21.902454558470332,0.21980857382326238,🇮🇪
353,-22.729685541827955,-2.8879725462575783,🇮🇱
354,-11.396615647942602,10.6926928873028,🇮🇲
355,-17.614177336888588,-6.4638985590771085,🇮🇳
356,-8.56481495123323,0.9430235543623867,🇮🇴
357,-11.095066026723561,-8.16314598892418,🇮🇶
358,-12.921468954385555,-5.644255842259569,🇮🇷
359,-24.342335704106365,-1.6543317269263018,🇮🇸
360,-22.33224609251649,0.7706866588444538,🇮🇹
361,-22.476786892691717,-7.003739236375785,🇯
362,-23.18782399627983,-0.42812892423141247,🇯🇪
363,-24.61978618895482,-4.252646868635869,🇯🇲
364,-24.53331560091883,-4.447341187735568,🇯🇴
365,-18.517335850501045,-6.296160812325482,🇯🇵
366,-19.430371649593578,-5.2247214964642374,🇰🇪
367,-23.316628514981733,-3.8249034137332396,🇰🇬
368,-24.912521681216575,-5.136842248424568,🇰🇭
369,-10.247819612091934,-4.8818528659376845,🇰🇮
370,-9.709626048301843,-8.535679325588532,🇰🇲
371,-22.354826524863423,-7.853608066315461,🇰🇳
372,-19.370414589332107,-6.343345741726435,🇰🇵
373,-22.80721381812573,-3.464236588207398,🇰🇷
374,-21.373497729638252,-4.26393456043177,🇰🇼
375,-17.60545781459776,-6.909054982989081,🇰🇾
376,-24.085520771571176,-6.20212632625973,🇰🇿
377,-11.347227425936845,-9.542830268179886,🇱
378,-18.782584398791826,-6.173380407711875,🇱🇦
379,-24.549940862768974,-3.1987680823781526,🇱🇧
380,-22.545219074192968,-7.857870543495658,🇱🇨
381,-25.128312954464505,-4.091057186177473,🇱🇮
382,-20.87971139690393,-6.527967636857029,🇱🇰
383,-24.704038755564078,-5.427450274059029,🇱🇷
384,-18.97407302838744,-3.7279064367232166,🇱🇸
385,-25.523025978727958,-4.739410851868467,🇱🇹
386,-23.759703089532838,-1.1409100938294299,🇱🇺
387,-24.553674705532156,1.8223646618634426,🇱🇻
388,-24.831094272432214,-5.435489396446019,🇱🇾
389,-23.237012726908272,-4.341198725806754,🇲🇦
390,13.6677596305869,4.83621921275171,🇲🇨
391,-14.846277967102095,-7.367523686525075,🇲🇩
392,-20.849029726002406,-4.996632782087525,🇲🇪
393,-24.717071309551386,-6.980491615978895,🇲🇬
394,-16.16535990722286,-6.662817702374937,🇲🇭
395,-20.707701036523105,-7.224747359859188,🇲🇰
396,-25.114482041679246,0.4798111032641962,🇲🇱
397,-21.719190512084634,-8.174472739053133,🇲🇲
398,-11.645093294218766,-5.2719045998450325,🇲🇳
399,-24.007826355297052,-2.864963627450107,🇲🇴
400,-21.42975493507461,-7.834885337085462,🇲🇵
401,-26.0709462214384,-3.965437741598715,🇲🇶
402,-11.534366521033586,-5.975774325474899,🇲🇷
403,-23.900952345130133,-4.426998372845485,🇲🇸
404,-21.97153724794565,-3.403477652855673,🇲🇹
405,-22.322145680208912,-1.8028363909388092,🇲🇺
406,-12.111443509335555,-5.682360148583158,🇲🇻
407,-20.493748385482064,3.2524687971646866,🇲🇼
408,-23.344874866220547,-0.5131340574365826,🇲🇽
409,-8.448889908598657,0.5956753804188967,🇲🇾
410,-11.541897353520998,-5.919360325815781,🇲🇿
411,-23.20732195373039,-7.553718306783345,🇳
412,-20.079429323231583,-1.0855221132097213,🇳🇦
413,-21.07831179869429,1.317667201794855,🇳🇨
414,-10.377975093846285,-7.03875220583622,🇳🇪
415,-22.043550963040477,-0.34552756107485116,🇳🇫
416,-19.129650742042166,-4.658085212449254,🇳🇬
417,-17.44336066609964,-5.483503353716714,🇳🇮
418,-7.099639174676034,-3.8619387122416327,🇳🇱
419,-23.78185117794635,2.7594995222953074,🇳🇴
420,-22.79347900090877,-5.363133110992449,🇳🇵
421,-9.76420022865534,13.698739051633105,🇳🇷
422,-12.859478591597728,-8.484925849316847,🇳🇺
423,-24.94145659865827,-1.054725259446668,🇳🇿
424,-23.409527025280344,-7.031933395589506,🇴
425,-10.281104718665965,-6.709105287252231,🇴🇲
426,-18.20166995235504,-6.940434897801316,🇵
427,-19.392944739906092,-2.4141237423824684,🇵🇦
428,-25.686951281313295,-5.133342296343242,🇵🇪
429,-21.546505598232667,-2.078220364995394,🇵🇫
430,-25.51258049788532,-3.1915093095722917,🇵🇬
431,-21.580555101534983,-6.127511295694898,🇵🇭
432,-20.317044850841953,7.196645916657763,🇵🇰
433,-19.301392561732314,-8.49708425655456,🇵🇱
434,-23.567574314386807,-1.7336727397378144,🇵🇳
435,-24.338782143993313,-2.727524774141977,🇵🇷
436,-21.57726915712328,-7.087546023380927,🇵🇸
437,-22.422025069584603,-1.8560134059689513,🇵🇹
438,-19.836104605482134,-5.941918002447452,🇵🇼
439,-24.951829800973215,-5.807061649837507,🇵🇾
440,-21.85846438658784,-7.106735391886689,🇶
441,-21.49565119792858,-6.919536472400636,🇶🇦
442,-18.596269271928744,-3.8494643142105005,🇷🇪
443,-23.223529650738687,-4.0552462301246655,🇷🇴
444,-8.957643612398819,-5.802595633900557,🇷🇸
445,-23.08900201815437,1.5090486847083326,🇷🇺
446,-12.051332602151978,-5.79324251233977,🇷🇼
447,-7.9422157956314035,-6.337535228866073,🇸
448,-24.575819487451906,-6.125911506267115,🇸🇦
449,-22.892671296089993,-1.6900444010752476,🇸🇧
450,-24.062054188223723,-4.877949246307657,🇸🇨
451,-12.775558137689522,-5.559262606268745,🇸🇩
452,-22.770827075183945,-3.4585723490800886,🇸🇪
453,-24.38992295658603,-3.0652363029872687,🇸🇬
454,-9.544615948976883,-5.152415081875111,🇸🇮
455,-17.499868718704725,-5.3646732450780314,🇸🇰
456,-12.513044280049982,-5.712807512112232,🇸🇱
457,-19.762969320900186,-3.0339574568404344,🇸🇲
458,-25.072347291536552,-7.617812568931132,🇸🇳
459,-17.674902410863737,-5.4793336080776,🇸🇴
460,-22.33287047559197,-3.7060547785977698,🇸🇷
461,-22.40099903916554,-1.6751218771555105,🇸🇸
462,-23.030409472879352,-8.165126400542555,🇸🇹
463,-24.745625534980245,-4.696036597208277,🇸🇻
464,-17.105619458908592,-6.24453965876242,🇸🇽
465,-22.226341418120008,-4.772074412286006,🇸🇾
466,-22.413449347043457,-5.255877416735538,🇸🇿
467,-23.9752174520361,-0.46388734211352356,🇹🇦
468,-22.528538359409826,-6.21614466585869,🇹🇨
469,-19.15671928409745,-2.483120008362273,🇹🇩
470,-21.222910154123664,2.957504292075091,🇹🇫
471,-23.942760524602928,1.4435817770731305,🇹🇬
472,-20.987508417773167,-7.5336416492412015,🇹🇭
473,-24.16896113870246,1.5178082722514508,🇹🇯
474,14.717235815906786,3.931924820445517,🇹🇰
475,-22.761559651908488,-7.3142114416134545,🇹🇱
476,-21.983995594761705,-2.7010896782711633,🇹🇲
477,-20.781069966209515,-1.0920713963451987,🇹🇳
478,-10.911543122886915,-9.460366864021193,🇹🇴
479,-8.805978779543606,-5.072463213195783,🇹🇷
480,-9.991630033998103,-7.1047194091006585,🇹🇹
481,-23.154105030823192,-3.11124565729596,🇹🇻
482,-24.62225215531079,-1.0890141381269791,🇹🇼
483,-23.945948001285355,-6.520176941360967,🇹🇿
484,-18.37087113903494,-7.178244411985108,🇺
485,-10.871810725909295,-5.719177066928875,🇺🇦
486,-9.813570562324562,-5.8920321221672705,🇺🇬
487,-15.338396459682556,-7.287888077374534,🇺🇸
488,-10.251191308601214,-5.930266062920843,🇺🇾
489,-21.654123074758413,-8.550813279327325,🇺🇿
490,-23.10830810727416,-7.626133815705459,🇻
491,-4.257837167299247,-11.207654098011309,🇻🇦
492,-23.107919326668178,-7.800979978526701,🇻🇨
493,-25.47823622780295,-3.5608079514443456,🇻🇪
494,-21.17287218354753,-0.17828154032263155,🇻🇬
495,-23.56424265239693,1.0101365005057326,🇻🇮
496,-21.248279625289552,-0.7304310157321757,🇻🇳
497,-22.03407468017872,-4.727697652342381,🇻🇺
498,-23.062324859882473,-7.991812049926952,🇼
499,-24.375228643177213,-5.144111597167628,🇼🇸
500,-23.13338338890557,-7.766372004781798,🇽
501,-9.075455141794134,-7.919821785165505,🇽🇰
502,-18.470611987350118,-5.398351343157609,🇾🇪
503,-21.91707248569739,-1.239030964973047,🇾🇹
504,-23.162984923259085,-7.116704779709372,🇿
505,-25.047803243821026,-2.1411906027034022,🇿🇦
506,-22.2924997071379,-4.07475538106077,🇿🇲
507,-11.42979419085692,-9.462147719135904,🇿🇼
508,4.222656361441058,-5.211723574826045,🈁
509,6.124236621754696,-5.516467709330182,🈂️
510,10.263931853859663,-5.286813512729839,🈚
511,0.10739548415445214,12.04764553882231,🈯
512,10.746167341190276,-1.707087614270798,🈲
513,0.6308332375311422,-10.282749567018156,🈳
514,-2.605626903892636,-6.584075877193055,🈴
515,10.99033334267498,-0.21899384060247745,🈵
516,0.8359680543796636,13.04995274472541,🈶
517,-6.320048222697523,-11.550330435477944,🈷️
518,-11.501665334397904,-0.991506412023932,🈸
519,-6.983705468302182,-11.86500004694391,🈹
520,-8.59131939928174,-12.583798008678052,🈺
521,4.670152370910658,-5.442014508050697,🉐
522,4.240333573238784,-4.114119245329777,🉑
523,-0.949008264077436,-6.0320820053875845,🌀
524,-2.488717131890182,-2.332921239708447,🌁
525,-0.3921908908367374,6.768578859881908,🌂
526,-10.027311744360821,-11.961779956659399,🌃
527,-2.886164009964225,7.714123678383834,🌄
528,-2.4051192356888262,-2.225886603874437,🌅
529,-2.160408887744794,1.108292976124171,🌆
530,-2.1897446571314703,1.1450880090541307,🌇
531,-0.2614734563744655,11.283784132191457,🌈
532,-2.340274058307441,-4.813031648479917,🌉
533,-1.8601310575719694,3.9197548649848915,🌊
534,6.873171642151869,4.66824901787272,🌋
535,-6.462248287801709,-0.8681477269002431,🌌
536,-7.565720090524037,-9.959379597142892,🌍
537,-3.8100519683613085,-12.208326768241394,🌎
538,-7.386700906822169,-9.704973541833766,🌏
539,-5.841253275588559,-8.233113030630252,🌐
540,-2.5692644116921857,4.911798260853181,🌑
541,-1.4144003842476047,4.015513801700688,🌒
542,-3.9340192077692206,5.068545064180683,🌓
543,-1.0572934150783941,4.415699323174095,🌔
544,-3.1826097519035397,4.1344134615961945,🌕
545,-1.653267952503508,4.38865194180962,🌖
546,-3.8950841593102425,5.061727320786527,🌗
547,-1.8885500890296358,4.410011238528571,🌘
548,-2.843740087263764,4.6794868678969985,🌙
549,-2.7269730471351057,6.011120929134882,🌚
550,-3.6345512503333093,5.489322451752093,🌛
551,-3.739257937601646,5.727560299749478,🌜
552,-3.3411596827326537,5.719886290286623,🌝
553,-3.5995817585932492,6.430594062501471,🌞
554,-2.4799390030912383,11.244955473902904,🌟
555,-9.119130533753777,-12.74727516220781,🌠
556,-6.143381262893144,4.694768840848265,🌡
557,-14.519796265164304,5.431135851329005,🌤
558,-15.50511239914846,7.7422817358844345,🌥
559,-16.990332764895207,6.725137262068019,🌦
560,-11.21648077940294,9.61442686056718,🌧
561,-13.513478648892303,7.168962885856648,🌨
562,-15.198220896011536,7.775345144476148,🌩
563,-12.754542158408405,3.1961929918738075,🌪
564,7.7529799420956245,1.7287708592573714,🌫
565,-13.153297214816858,12.488686377931936,🌬
566,11.412928704359523,6.618969861274112,🌭
567,10.750268257276037,4.723382855663178,🌮
568,0.4598862667732611,-6.276921415897873,🌯
569,0.8382229402531911,9.158931371493702,🌰
570,-5.261787657533833,8.809097660769465,🌱
571,9.130368752404575,0.45297607050512084,🌲
572,-7.46019531051584,-2.2189127353351528,🌳
573,-1.0948306904353349,4.779768453205387,🌴
574,11.750409739802622,0.7715786807140987,🌵
575,13.262194239490459,4.96867597441741,🌶
576,-7.627904035316995,8.628282722028812,🌷
577,-8.452176200402517,7.916983047983212,🌸
578,-3.6144632756715094,10.945917951797727,🌹
579,-4.420684031638317,14.416652358769019,🌺
580,1.0979869765701447,10.865371548411158,🌻
581,-8.305522532622252,11.64513081604481,🌼
582,13.951864484205107,3.4455434429743512,🌽
583,13.961693626842274,5.4172507721199,🌾
584,8.175234489061648,6.634759504884499,🌿
585,-4.961369781793199,10.559875216917414,🍀
586,-4.1359555339707175,10.970045890677667,🍁
587,-6.003734104054464,11.099549886992733,🍂
588,-6.489189763920961,10.156099899428606,🍃
589,9.224587828248298,4.662683074173458,🍄
590,-6.100760493273944,12.296059083477438,🍅
591,2.7930684951944986,6.833525231674297,🍆
592,11.515502963633093,9.009216050895573,🍇
593,10.15196955707326,8.329939613118976,🍈
594,-1.2274065278802122,5.625717188059291,🍉
595,9.429221226555619,4.799744879498327,🍊
596,10.505975466172547,5.954589891207628,🍋
597,7.870659630726814,4.897056225982077,🍌
598,7.941020051323164,4.712444404991434,🍍
599,1.4938744627714433,6.81679792645858,🍎
600,8.083655816833659,-1.3149586202138075,🍏
601,6.3133390072703435,7.531948378279277,🍐
602,13.142936581386921,1.9399182998289088,🍑
603,10.916484850299293,6.584901840363207,🍒
604,-6.320585954852221,11.83575055493564,🍓
605,11.390444718237244,6.593941477218073,🍔
606,-2.727818405978097,9.035833097525707,🍕
607,12.459663242102971,6.778136861882582,🍖
608,13.422548940895151,5.287587884673289,🍗
609,13.0782547142792,3.10535957484194,🍘
610,8.840340824139721,4.857013065857812,🍙
611,8.610548120582274,6.187048826195101,🍚
612,1.1840255395997152,9.007885436802477,🍛
613,13.636114063732276,5.569229471105823,🍜
614,10.706069706570293,5.969536749309743,🍝
615,10.240654639636649,5.649662689847513,🍞
616,8.843913328273775,6.615327679419974,🍟
617,8.114899699278583,5.369861452127239,🍠
618,4.81452018739138,5.676260597997033,🍡
619,10.6491925536665,3.9588664879714024,🍢
620,-0.05621866282062557,8.283904911973952,🍣
621,9.846790783504778,4.529651996517064,🍤
622,11.656333958967533,2.990949539221605,🍥
623,11.861939298728148,5.292454621568076,🍦
624,13.75995293335792,4.121055278573462,🍧
625,12.991018144116822,5.026009124802863,🍨
626,-3.9120884003183978,9.267718749888619,🍩
627,10.026927972101262,5.655334346258615,🍪
628,4.983337346699555,5.849418274776164,🍫
629,11.324195666692132,4.594951133144946,🍬
630,12.597070773106182,4.075060014006246,🍭
631,10.130117684525485,6.861228285305182,🍮
632,12.571862614874421,6.908294568195163,🍯
633,12.994331242153676,7.3425583697833865,🍰
634,7.4727203640208355,-5.168127224949704,🍱
635,0.980310261299311,9.078231454722568,🍲
636,0.11663157178191769,8.94454432875355,🍳
637,8.476166703331353,6.5959109949824155,🍴
638,9.908444311649975,4.932871017799045,🍵
639,13.836295742646477,4.081122875916661,🍶
640,12.481460183765753,4.8752605813395675,🍷
641,9.154384461179033,6.679932210741946,🍸
642,-5.1006989602045865,13.060289319921003,🍹
643,12.324727092684983,3.6956932510681617,🍺
644,14.222843590422242,2.477875099955634,🍻
645,1.9298519722470122,8.418227127612422,🍼
646,-10.756004592767988,7.040782728525432,🍽
647,6.046829015422909,7.023700232964549,🍾
648,11.34983867425438,6.5425015107918165,🍿
649,-4.220467044612912,10.471289155934514,🎀
650,-2.8703057108371963,-10.536908001156482,🎁
651,1.6994051656409948,7.224943273234056,🎂
652,-12.152514311911405,12.729301076002278,🎃
653,-1.6138797198533923,8.4528131272485,🎄
654,-4.58494799438167,6.894789382183585,🎅
655,-9.08300812827269,-6.695640816117612,🎅🏻
656,-15.993875580461907,9.441926031133123,🎅🏼
657,-14.317271456461894,12.388199857484501,🎅🏽
658,-15.858083757405614,8.701494358172402,🎅🏾
659,-6.7206860867855,-3.513423375004218,🎅🏿
660,-3.817247315564543,9.391667657145833,🎆
661,-8.196870177039466,15.403437303742813,🎇
662,-3.2493755920827336,8.481026374075327,🎈
663,-2.248835738664741,10.518535688614936,🎉
664,-4.764484642831247,9.296480856356247,🎊
665,-3.322903544887516,11.339719873089475,🎋
666,-19.32578431843865,5.4893927790181305,🎌
667,-2.8321192906854296,9.78655141896155,🎍
668,0.8165368701043427,2.315961870622734,🎎
669,-2.9900001239833602,10.500036542116936,🎏
670,10.810710914584531,2.568494835433713,🎐
671,0.5460853558174737,7.428193237168319,🎑
672,14.745761806196061,-1.4294953523497995,🎒
673,-0.4573164937887345,-0.6382021828385431,🎓
674,-6.3084563239660305,-8.359625446138143,🎖
675,-14.282348996561984,10.706204683423149,🎗
676,6.919769995748452,-5.178177097598248,🎙
677,7.751731862573258,1.6752939655389907,🎚
678,-2.638789515940962,-8.536590740218745,🎛
679,-9.55376918293119,-5.939652480901789,🎞
680,-1.9941887499839899,-9.104861143645376,🎟
681,14.793391685486501,-1.4145725604927029,🎠
682,4.215806615420836,-8.869656276955213,🎡
683,14.927565188942399,-1.4938322445380787,🎢
684,-1.4591011278624664,6.482793718219714,🎣
685,13.102029927094435,-3.4456023664943625,🎤
686,5.346861536934273,-4.038921655213684,🎥
687,-5.347249905525779,-9.159535254025712,🎦
688,-1.7789269386200153,10.823891592431677,🎧
689,-0.9418758310555062,7.910825184931041,🎨
690,1.6869296742427897,7.929310424849427,🎩
691,0.43188265188001973,4.872081859918234,🎪
692,0.5295225853726684,-7.386725053364429,🎫
693,7.822730145526854,-4.61460868984128,🎬
694,5.062578177802861,-3.7087262434648536,🎭
695,4.871565174522294,-8.240362043907998,🎮
696,-0.42759776628312735,-8.210847236154791,🎯
697,11.378167669793514,-4.791763711167539,🎰
698,-4.287927448218826,-5.541351837649579,🎱
699,4.087231174084538,-5.09996685219387,🎲
700,-1.8842492203570615,-4.917963499719406,🎳
701,1.000289468418226,6.781589705262992,🎴
702,12.924573031053624,-3.4081533287431043,🎵
703,13.217427285526941,-3.4023335462012607,🎶
704,3.6492287095812044,-5.850815765422359,🎷
705,7.793685898507996,-8.044853383769551,🎸
706,7.655074781949878,-8.07889984983264,🎹
707,6.968176496248068,-0.13173396345010013,🎺
708,6.089522000980479,-9.185035462268758,🎻
709,0.6624434952380369,1.6707169158213753,🎼
710,-4.448905666310208,9.604734069408233,🎽
711,1.2442696049032047,-6.997750168886529,🎾
712,-8.286646322132643,5.737515451588806,🎿
713,-1.4259311306408766,-1.420866672941877,🏀
714,-7.514079087210051,-0.9877171446573834,🏁
715,-0.06791462382677324,5.716584776209712,🏂
716,-1.4410756754217648,-2.6747129856622256,🏃
717,-3.147222358333595,9.259342466643567,🏃🏻
718,-10.511468946081767,8.741914129060461,🏃🏼
719,-10.680439195228,12.45790058177656,🏃🏽
720,-8.667050672829788,10.021949042306572,🏃🏾
721,-9.386261731858086,5.657361624298621,🏃🏿
722,-2.9149208749405413,7.331662891370444,🏄
723,-13.941819020436725,7.7785634853709595,🏄🏻
724,-8.847655123237075,6.096927324640143,🏄🏼
725,-8.492680868555539,8.145409088604946,🏄🏽
726,-11.959516464603515,10.46006070625709,🏄🏾
727,-14.450006760969814,8.532710709633319,🏄🏿
728,-4.121630937721536,-12.10578124505512,🏅
729,0.41024026880286935,-7.586516813083871,🏆
730,-3.8628838595673325,-1.0875836262026028,🏇
731,-7.272004861601608,6.303037535648994,🏇🏻
732,-3.6785860251344484,16.211669513617302,🏇🏼
733,-7.670247837254157,14.884500802989862,🏇🏽
734,-12.365414683943397,10.143783881048233,🏇🏾
735,-7.716015653915055,6.117091989680873,🏇🏿
736,-6.451261765574137,0.8175716402820512,🏈
737,-1.377223374788004,-2.85441178792187,🏉
738,-3.794437361723883,1.5249089019394413,🏊
739,-11.287698130179738,7.078202119944076,🏊🏻
740,-12.344421207045844,7.127428588159157,🏊🏼
741,9.537439856846067,5.600959079516099,🏊🏽
742,-10.405027262405806,8.92399161408436,🏊🏾
743,-7.543735964980309,6.086833923226215,🏊🏿
744,12.614723583146,-0.8316249602974224,🏋
745,-3.146963980760275,-10.756037578388808,🏌
746,3.0478913098839566,-11.891323088119478,🏍
747,-5.308002358714791,-12.414828243678935,🏎
748,-11.989887394007592,3.3732997558158275,🏏
749,5.946250397619712,-2.2844390448424132,🏐
750,-3.697406750603668,1.510130140382826,🏑
751,-3.629053177933009,1.5652041142236781,🏒
752,10.541520925195577,-6.785758122546718,🏓
753,-7.3203675929182195,4.686179321722136,🏔
754,-3.535672268614892,-1.1229868190275116,🏕
755,-13.895798174747888,4.415342026255779,🏖
756,-0.025128213848636657,-9.645387312006822,🏗
757,-1.9695576621150945,-9.19892366576933,🏘
758,-3.3158282491910853,-6.733361197492569,🏙
759,-6.312405488684497,-11.344736778006911,🏚
760,-2.4161915633811546,-10.273811695393913,🏛
761,-2.3028619631281546,12.993049661961107,🏜
762,-2.4432265371816864,12.324347542286173,🏝
763,-8.928387064803077,15.335883824743327,🏞
764,3.6592549992232195,-9.33361701276091,🏟
765,-1.4465379721013842,-7.9267120094207,🏠
766,-6.676016871674528,1.8894551605531145,🏡
767,-4.614588570119756,-10.541788106105745,🏢
768,-10.490782744637597,-8.278879682136822,🏣
769,-5.817434033812118,-11.742454581717482,🏤
770,-6.5720806327274675,-12.886157819969098,🏥
771,-1.7048490789773754,-11.513803544024965,🏦
772,-3.7806596678710966,-6.128813957560716,🏧
773,-1.843368127409652,-10.326562334384693,🏨
774,-5.103171791359386,7.597019991772284,🏩
775,-2.252114119869219,-10.014525207189878,🏪
776,-2.3012843839279227,-9.898853884753702,🏫
777,-1.8282030137738163,8.580250046604387,🏬
778,1.5069191056813225,-10.142794567132636,🏭
779,6.384409488224717,7.369288348699004,🏮
780,4.300492283579253,-6.351079029912402,🏯
781,0.7473408106751261,2.140801150901841,🏰
782,-17.421391098571043,10.212312161661613,🏳
783,-16.793622385905223,11.345929882103812,🏴
784,10.364439907782717,0.18502918599376134,🏵
785,1.6855860225053791,11.814636376469737,🏷
786,4.320054107927781,-3.1861110600834497,🏸
787,-0.7220390307739882,6.617630603467862,🏹
788,7.998193572443748,4.74368466846894,🏺
789,14.949947175367274,1.9745234739252895,🐀
790,8.651557943722912,11.151422419775196,🐁
791,15.8467940266324,4.194960226109995,🐂
792,12.146979228093867,3.5037722554316124,🐃
793,11.369550914423186,4.785541136501477,🐄
794,9.784081951120914,8.41609735254116,🐅
795,-2.622889677242051,8.332440306558569,🐆
796,1.738059042618782,15.610817164352156,🐇
797,3.5639107798431158,3.6506547630694945,🐈
798,-0.9509133017517248,1.6276032219518646,🐉
799,11.18928689728043,-0.7410022461391919,🐊
800,8.454743492996293,4.297661056472165,🐋
801,11.499128145322423,7.813671516672758,🐌
802,11.474017713663224,9.502937777192882,🐍
803,2.9966831117818336,-8.375240923465427,🐎
804,7.058922836803509,0.2098533195469892,🐏
805,12.445698786761298,-0.05321908135860562,🐐
806,2.0001662381583336,8.300723888482988,🐑
807,14.995813811578024,4.390787846926431,🐒
808,12.493273520504337,-0.18375756723383638,🐓
809,8.849983535953905,4.683901718959378,🐔
810,-3.3233288843961324,13.831321554226509,🐕
811,13.559985064883803,8.47822144463575,🐖
812,15.121716750726922,5.112127952728694,🐗
813,10.743444183291288,-0.24474874145287584,🐘
814,7.869705874022968,-6.660135934726437,🐙
815,-4.097870346991941,3.9363868846404038,🐚
816,-3.4651629580081935,13.715730513075352,🐛
817,-1.9191652343370966,9.280260639587413,🐜
818,15.960281770947143,5.142129000918683,🐝
819,15.302847723444321,5.413472352449544,🐞
820,7.239011851594951,6.223277177187633,🐟
821,9.544033068488885,4.982182783699285,🐠
822,-0.13700212262199,8.32694774732405,🐡
823,0.9217695532698962,10.722445268525515,🐢
824,-2.3328656024594605,15.43179160306953,🐣
825,-2.337625234669043,15.139343155974432,🐤
826,-2.4955791150830886,14.534278821154023,🐥
827,11.632484031458798,9.155081803601103,🐦
828,9.420973106619662,10.487646593115787,🐧
829,-0.761553816872162,9.585427530142034,🐨
830,8.462850393564109,-2.0077705508156294,🐩
831,0.3886073121501604,5.275233142919708,🐪
832,0.22940142311991343,5.302471125635756,🐫
833,7.808840402485399,11.030209589790498,🐬
834,9.236097715056573,11.163374813816448,🐭
835,10.963155069217427,11.658026002731226,🐮
836,9.139778359852723,10.503975822105243,🐯
837,1.4012281192254876,16.550337967579406,🐰
838,3.218757936456644,3.7931958499126623,🐱
839,-3.393548071820834,6.76170734309813,🐲
840,11.430376676349079,-0.4765117986638254,🐳
841,15.236224472955293,2.867172672857319,🐴
842,6.5268128121412765,14.796837719311734,🐵
843,11.142581229963318,11.83989744778225,🐶
844,-6.036707116511364,16.689423871275725,🐷
845,10.140864786055479,11.523820995138669,🐸
846,10.029809651988995,11.621227667538816,🐹
847,11.746662813397508,9.33796146337098,🐺
848,-2.0441715951862243,14.728619432970358,🐻
849,10.671850964556404,9.345974129648344,🐼
850,13.559882908800814,7.702245416723761,🐽
851,-2.0115265904296487,11.133921086128765,🐾
852,11.063546594081622,-0.9248613349205691,🐿
853,-2.3105714653426004,9.37428577992909,👀
854,10.3336888757304,-2.4893653742463533,👁
855,-3.3079678530310757,3.559806063853366,👁‍🗨
856,15.932671081109449,3.5692857484180225,👂
857,-6.590565319096869,16.79655625277551,👂🏻
858,-13.116582064372302,14.650379857527765,👂🏼
859,1.725382119018493,15.793657488602246,👂🏽
860,10.671149628466118,11.444784455828382,👂🏾
861,10.014912523240042,11.220365834626689,👂🏿
862,8.351866145160656,13.427692875327352,👃
863,-12.831515821652156,14.216423962986163,👃🏻
864,-12.419115659463063,12.42764639513168,👃🏼
865,-5.588609111885635,16.631660764060907,👃🏽
866,-7.51355927272118,15.957334076958277,👃🏾
867,-12.020740998183014,13.971423925307482,👃🏿
868,11.373745148545305,10.847894996532684,👄
869,-3.839015302148021,15.018472628396225,👅
870,-10.417029729364831,12.566376938471327,👆
871,-11.395543410170196,8.405808215723967,👆🏻
872,-14.757862502925143,4.525252679248308,👆🏼
873,-9.583229392602401,8.47685405783308,👆🏽
874,-13.96624918142624,9.674330971621442,👆🏾
875,-3.376100746202444,14.072790870141445,👆🏿
876,-16.939941909302398,8.906006723097285,👇
877,-15.403509037790338,6.3694260886305925,👇🏻
878,-17.44011961851968,6.210359695961628,👇🏼
879,-9.100386674345192,-5.211078390751476,👇🏽
880,-17.64622167307544,6.78155732588097,👇🏾
881,-17.47362203422581,5.764578598274828,👇🏿
882,-17.168438004406084,9.293939216583038,👈
883,-11.269783808527393,8.512845788327143,👈🏻
884,-16.870614084525645,6.8209002941887,👈🏼
885,-9.371190603555005,7.563640819895749,👈🏽
886,-15.134686949456864,8.551290714453394,👈🏾
887,-17.301663314660576,6.576946921121286,👈🏿
888,-16.192914061196486,10.081676103058944,👉
889,-17.639367793434506,5.6860049510143735,👉🏻
890,-17.15487206807631,5.262006108511057,👉🏼
891,-18.004554949708062,8.616421896518114,👉🏽
892,-9.131961555153925,-5.648079703455007,👉🏾
893,14.81064114530723,4.078169443232446,👉🏿
894,-9.773268988070974,10.246345213023092,👊
895,-16.388337669314666,12.36038237730199,👊🏻
896,-14.529255546557206,9.897438633327255,👊🏼
897,-14.260108385262386,13.512966426665997,👊🏽
898,-19.32418273437262,8.709328019629934,👊🏾
899,-16.499293970705242,12.202655092315007,👊🏿
900,-8.530376955428727,13.214352943065043,👋
901,-15.792253063242521,16.010494774157294,👋🏻
902,-16.822430149834744,15.202932037259671,👋🏼
903,-14.057569079900523,14.802743488750018,👋🏽
904,-15.784761767638258,13.124566660258626,👋🏾
905,-16.096927032707157,13.286491951724404,👋🏿
906,-4.063512918134035,9.658687105253486,👌
907,-16.016458425900442,14.351293489165885,👌🏻
908,-12.59597513022355,8.641800888394668,👌🏼
909,-13.415848094853894,14.99646803237809,👌🏽
910,-12.16310227111874,15.360696043482719,👌🏾
911,-18.005289376677922,14.879642447161043,👌🏿
912,-2.282970213937841,9.692813730044639,👍
913,-17.03556953261359,11.875431848955705,👍🏻
914,-11.615355419302063,10.346917088459454,👍🏼
915,-14.678671853512913,13.14718664914312,👍🏽
916,-16.463218035947172,14.276499200116765,👍🏾
917,-18.503231632556062,7.847336483799261,👍🏿
918,-2.146260101479999,9.868824457180223,👎
919,-3.16113063952051,9.299730099626231,👎🏻
920,-17.982520565647345,7.776749364399657,👎🏼
921,-15.239996055925014,14.225209458497476,👎🏽
922,-16.550287607945535,12.990288480321025,👎🏾
923,-16.528118376816835,12.132431471701649,👎🏿
924,3.70773178481368,12.400121306614679,👏
925,-5.200384039546486,15.692462711750116,👏🏻
926,-3.1241660117657006,9.208328967168562,👏🏼
927,-8.842171498163843,16.18280335461316,👏🏽
928,-2.1715920014037065,13.804065906535394,👏🏾
929,-12.846792183046187,16.1627768568796,👏🏿
930,-12.778762436491247,17.225298938059066,👐
931,-18.754017348726293,7.661293839570591,👐🏻
932,14.503662923128658,4.089846544047033,👐🏼
933,-16.538017258844928,13.486297715745717,👐🏽
934,-15.615674695517901,13.283832654150496,👐🏾
935,14.775637862747919,3.281122489281612,👐🏿
936,-6.946732660957039,-8.544263834839093,👑
937,3.068123082807988,4.437159394403375,👒
938,4.066482691358463,2.3148793629423565,👓
939,-9.501983644461292,12.523868517525667,👔
940,-7.1374545018496995,11.247341314886066,👕
941,-3.7238242583850023,8.330860480510598,👖
942,-5.772901260685418,2.40926773021119,👗
943,-6.114776283493774,8.325163914566208,👘
944,-0.71386964442396,9.268046621264473,👙
945,-4.50970709815582,7.092046002319477,👚
946,3.051214796233849,-5.41220676224606,👛
947,6.621719337601226,-5.343786982140884,👜
948,12.872897091792284,-0.5815440491279398,👝
949,2.420726477346734,-11.085869293233877,👞
950,6.3649252172544335,2.6264091112727046,👟
951,-2.9068905058478895,8.60450068189171,👠
952,9.603006923332144,-3.3550814863260925,👡
953,10.876699993282296,-6.908505213293018,👢
954,11.533658570175334,-0.47191219901123094,👣
955,-3.9304026444475646,8.424393433719672,👤
956,-3.5498277643406975,8.764343214795783,👥
957,14.726086775416807,3.959250971516553,👦
958,-9.946700308568351,-7.58958791778675,👦🏻
959,-12.688714515605211,10.228540016231547,👦🏼
960,-7.050251067582189,11.81843923375536,👦🏽
961,-4.938139447343195,15.748315045731552,👦🏾
962,-16.109205101828334,9.30500050730806,👦🏿
963,-11.383840008616355,-1.739596651348327,👧
964,-17.06627601999038,13.012589616181446,👧🏻
965,-14.610893039505847,11.05263960352526,👧🏼
966,-5.974231473749946,15.962917142559569,👧🏽
967,-13.107003717527512,15.016173440367789,👧🏾
968,-17.350614634561115,13.088110132886785,👧🏿
969,-11.450369008506385,-1.1926683203450097,👨
970,-17.776909207748204,0.9347294571823659,👨‍❤️‍👨
971,-12.761501186807118,17.05757897698794,👨‍❤️‍💋‍👨
972,-10.204049992378664,-7.854210254848458,👨‍👨‍👦
973,-18.107011593750823,0.5516927807319911,👨‍👨‍👦‍👦
974,-18.31716439917517,0.11887942778705307,👨‍👨‍👧
975,-17.974904805103915,-0.8777731188767848,👨‍👨‍👧‍👦
976,-17.879633923590877,-1.3276027708214673,👨‍👨‍👧‍👧
977,-17.972994821503477,0.34272083064536063,👨‍👩‍👦‍👦
978,-18.53314391115724,-0.2689931111944713,👨‍👩‍👧
979,-18.02485240038708,0.35056261591020393,👨‍👩‍👧‍👦
980,-3.155009273069312,9.29094717379947,👨‍👩‍👧‍👧
981,-14.274525808891518,13.13752437376161,👨🏻
982,-12.01339320708386,9.185343122049831,👨🏼
983,-13.222376293606228,13.700165161543314,👨🏽
984,-16.85966312907963,14.326589222761855,👨🏾
985,-11.309410403321317,14.653602189997216,👨🏿
986,1.8913752168997515,5.730025107855014,👩
987,-18.13343852389703,0.4313774367877192,👩‍❤️‍👩
988,-17.598213247137316,13.490700084477895,👩‍❤️‍💋‍👩
989,-18.095983381254072,0.6908633132016696,👩‍👩‍👦
990,-17.905543042925768,0.7452090122813311,👩‍👩‍👦‍👦
991,-10.342286294931252,11.727276133401546,👩‍👩‍👧
992,-18.128968288855106,3.718565546938187,👩‍👩‍👧‍👦
993,-12.398658813125094,-8.476574513594823,👩‍👩‍👧‍👧
994,-17.27571792359361,12.701925447448941,👩🏻
995,-15.014738912272856,10.97021136423748,👩🏼
996,-11.244790059451914,16.56536637386552,👩🏽
997,-18.422550817903492,11.538850634628918,👩🏾
998,-18.47523609325296,10.729051454191529,👩🏿
999,-4.646030222659195,-6.363890307677474,👪
1000,-6.451970525795669,-10.912436367249285,👫
1001,-3.42376023422057,10.79601012718969,👬
1002,-5.351809791209896,7.954219284401624,👭
1003,1.9349452151712891,-7.632649381729102,👮
1004,-15.920256044698881,1.0021095305700656,👮🏻
1005,-13.959103075086404,2.774062611996148,👮🏼
1006,-12.109940151882126,4.523045893219013,👮🏽
1007,-16.359979103375593,2.541504319878537,👮🏾
1008,-15.77200883308778,0.7726304821316392,👮🏿
1009,2.3499564879247883,5.444039182790148,👯
1010,-4.414118698211577,7.039140004836998,👰
1011,-8.920016316214785,12.715830912877749,👰🏻
1012,-14.983797837958237,12.268859252072772,👰🏼
1013,-17.600578491946944,13.11533609189721,👰🏽
1014,-15.92319138399853,12.38895942303464,👰🏾
1015,-11.047027195690461,-4.303998172744804,👰🏿
1016,6.603023459293027,11.101180765592298,👱
1017,-17.472009929319697,13.926147124785139,👱🏻
1018,-15.509354793839407,9.659155888309327,👱🏼
1019,-14.35635746570936,11.966234867532695,👱🏽
1020,-17.33592474508001,13.550117445079577,👱🏾
1021,-15.888400242095463,12.68087748519254,👱🏿
1022,-2.4267100800778403,11.881076192485516,👲
1023,-15.051881094628172,15.21996710038905,👲🏻
1024,-15.092723895564298,15.571921688968168,👲🏼
1025,-9.129020224808356,-6.8561217434548025,👲🏽
1026,-16.525112862685354,12.029350130421408,👲🏾
1027,-11.406399386641326,11.399481899665052,👲🏿
1028,-2.2892159607973213,8.88978333174398,👳
1029,-13.633826161395804,15.248926250469802,👳🏻
1030,-12.355378808638948,8.718921993717757,👳🏼
1031,-8.853455046234386,16.10358903879867,👳🏽
1032,-14.49626947268755,12.932129219354126,👳🏾
1033,-15.8851810176782,11.741035898737225,👳🏿
1034,-4.92531118145191,11.998120545482283,👴
1035,-18.056743388254578,5.677929936287034,👴🏻
1036,-14.621256338144084,9.782965185979865,👴🏼
1037,-13.962267823292722,14.991282136613117,👴🏽
1038,-17.127131721770066,12.965136729746144,👴🏾
1039,-18.811126513918744,14.02006389735831,👴🏿
1040,2.974607494955068,4.434452945791532,👵
1041,-17.71847527592745,14.390426181901377,👵🏻
1042,-16.166532255122675,9.172217732570175,👵🏼
1043,-14.190936905682879,13.592560767126153,👵🏽
1044,-13.474005756887884,11.14115730113687,👵🏾
1045,-15.76403513845946,14.640138903737498,👵🏿
1046,-3.5352649334240542,12.742125220254307,👶
1047,-4.507053091048108,14.84023911978803,👶🏻
1048,-14.326750412946463,9.85610162114334,👶🏼
1049,-16.573753290098367,15.883181150796295,👶🏽
1050,-13.817072758307736,12.571160733511778,👶🏾
1051,-17.68602113230496,13.150209442279161,👶🏿
1052,-6.808317851217802,-12.20653561473297,👷
1053,-4.275188600919912,-11.419231455795197,👷🏻
1054,-4.3003591917129675,-2.1312528965456328,👷🏼
1055,-9.662073003093258,6.772162851678436,👷🏽
1056,-14.847359660873444,6.152365983038419,👷🏾
1057,-14.94555684423323,1.2596436109642584,👷🏿
1058,2.8546603338615504,4.481298531465774,👸
1059,-15.439637272603242,11.891833037173054,👸🏻
1060,-8.045044369545412,10.584911714036988,👸🏼
1061,-8.408623991862191,11.267713981924393,👸🏽
1062,-15.482819672502469,11.769914434950516,👸🏾
1063,-18.98946588608458,12.229684127562974,👸🏿
1064,15.510808581562463,4.726780733325474,👹
1065,15.705539481228596,5.851014697253273,👺
1066,7.127681015554173,11.108731318814405,👻
1067,-1.7485658033793745,7.495650309023744,👼
1068,-9.967636144357906,-6.829826867408119,👼🏻
1069,-8.616587685813293,10.125936126639623,👼🏼
1070,-7.023731809545866,16.819296267714016,👼🏽
1071,-11.78654745982571,14.949519582431817,👼🏾
1072,-18.24832133853699,15.360155153558884,👼🏿
1073,1.580420655166313,-4.992493002172161,👽
1074,6.676376872004375,-6.622253955254834,👾
1075,8.959802857967126,11.09498053507243,👿
1076,-0.8098277204123875,9.381992991196022,💀
1077,3.1307969271873755,-4.52942684899729,💁
1078,-15.438018741264814,-0.648668463613392,💁🏻
1079,-9.837144133461203,-12.850892857623126,💁🏼
1080,-11.152340666474323,15.787844828695974,💁🏽
1081,-18.25603008521086,1.535833531713596,💁🏾
1082,-2.517815436474205,12.891515561941302,💁🏿
1083,-1.7822265724305957,9.672099816502579,💂
1084,-14.146121102270365,13.18924926754583,💂🏻
1085,-11.234477502998269,5.4180817620279615,💂🏼
1086,-10.650344237786518,13.443541324200474,💂🏽
1087,-12.562220161697816,11.179906291612276,💂🏾
1088,-13.044475563812659,4.857309742121823,💂🏿
1089,14.338754720663225,1.9270971898063922,💃
1090,-10.472740713086408,12.165348897833033,💃🏻
1091,-10.402246702989677,6.677456044430639,💃🏼
1092,-5.038939990519818,13.713782131380619,💃🏽
1093,14.416749232159638,4.046541661557436,💃🏾
1094,-7.768850692095575,11.337499015422432,💃🏿
1095,-13.036452993384557,13.88234591420609,💄
1096,8.102635861667446,-1.1636068347281119,💅
1097,-5.230729406964575,-0.5431528498817456,💅🏻
1098,14.491012517724789,3.801045018968307,💅🏼
1099,-3.2056603236773817,9.330383521845157,💅🏽
1100,-3.173198202243369,11.814373030527651,💅🏾
1101,-14.82163241208604,5.104616698495491,💅🏿
1102,-7.237804240969543,14.568452081243901,💆
1103,-7.081271039945713,11.809066149059028,💆🏻
1104,-11.429280917663267,7.342497355661794,💆🏼
1105,-6.3155494592121055,16.745095186237744,💆🏽
1106,-6.115892797093535,15.29175166307424,💆🏾
1107,-12.919253628702599,12.70378469829982,💆🏿
1108,-7.12612332287327,11.264140671463645,💇
1109,-13.20343658179356,8.230680528021143,💇🏻
1110,-14.197549999575843,8.79259224193885,💇🏼
1111,5.14498906710778,-8.650041647522961,💇🏽
1112,-13.26726263538933,13.209362836785635,💇🏾
1113,-13.669171684892062,12.37549785073135,💇🏿
1114,-3.9933620074715743,2.626043024405498,💈
1115,6.6873655482284216,-5.134513724307223,💉
1116,2.8488876185754175,-5.500786797046558,💊
1117,6.044861872520562,13.696652611813006,💋
1118,-3.2239935217606135,12.910883730492174,💌
1119,-8.1521203370122,-12.037079149123661,💍
1120,0.2327440381839786,-0.7045257727301577,💎
1121,-12.524810632003126,16.987365845908382,💏
1122,-10.025420619381846,7.420518111792882,💐
1123,-18.559620302050938,12.65655705308485,💑
1124,-4.225257297038113,12.31330974406333,💒
1125,-12.118416763564,16.387167870252473,💓
1126,3.4492413851595445,13.8005123591872,💔
1127,0.15128965967739993,14.717391902910686,💕
1128,-13.982438647159832,16.487552052519703,💖
1129,-11.817013301978287,-1.9780634919498912,💗
1130,-1.247537481500768,8.95936412381578,💘
1131,-2.705760967359196,12.452195653169854,💙
1132,-2.03234382614063,12.783940390934239,💚
1133,-1.2970087741233878,12.426192648220171,💛
1134,-3.3361840869482497,10.052918853474942,💜
1135,-3.5356935858555993,14.388847531665832,💝
1136,1.4835038299471395,-3.2868590363042576,💞
1137,-12.778789023783911,-2.5167984983543996,💟
1138,3.1115525998837406,3.9160048961489284,💠
1139,-6.449075289517507,3.6371559572058714,💡
1140,6.955358047132246,9.866995725478585,💢
1141,-10.84546910696899,2.674360455022594,💣
1142,5.703454303850033,12.220908592249108,💤
1143,3.9353108980040195,7.35147435281684,💥
1144,7.823876074197191,1.4178625797079702,💦
1145,6.745032835115274,3.4341305812881546,💧
1146,2.031262564623147,-10.362100335796532,💨
1147,2.396268587487549,14.2274652331747,💩
1148,4.813677756306535,9.409479656978387,💪
1149,10.9591608053442,0.7168365654553411,💪🏻
1150,11.043854731490804,0.8830996947068184,💪🏼
1151,11.193469540796338,9.364473844479075,💪🏽
1152,10.92691433922741,9.90866426581344,💪🏾
1153,11.823991395116844,0.07414321322850159,💪🏿
1154,-0.6998660259982378,9.98521817586261,💫
1155,-4.708671565066677,8.033243112746833,💬
1156,-4.712882214963277,11.281154913770411,💭
1157,-2.963803376412643,9.86895259716423,💮
1158,-5.238884671977411,-5.311198799680721,💯
1159,5.443175693609237,3.359512347457165,💰
1160,-5.0101431372949135,-11.153244529618425,💱
1161,-4.426015469806739,-8.398801926021385,💲
1162,-5.439427656972978,-8.043942398168113,💳
1163,-5.689709032711882,-7.633239945871532,💴
1164,-6.899314684824851,-7.485663921808271,💵
1165,-3.7895033253829764,-12.355426286617197,💶
1166,-8.129687377027135,-6.537422376401043,💷
1167,-2.3925963499719636,-11.550738706896025,💸
1168,-15.38327188846201,-2.7622735719043185,💹
1169,7.175001470583817,2.2169150446112167,💺
1170,7.107250129466552,-8.613790152539957,💻
1171,-3.227792541466967,-10.68592914491387,💼
1172,7.7084038924778175,-6.565619116181023,💽
1173,-0.45924692275040097,-5.506742183249058,💾
1174,7.2065938867832156,-8.561365648446127,💿
1175,6.1664442801199755,-7.23487526932199,📀
1176,-10.773385321258859,-6.027629142187967,📁
1177,-9.513383782514104,-2.4768697154164854,📂
1178,-4.933627141813888,9.505427209528655,📃
1179,-12.920105665692196,-3.277941125559851,📄
1180,-9.121835035446786,-10.648005773682371,📅
1181,-8.257130811023673,-10.603786166186344,📆
1182,-6.001745137423587,-9.293117421325466,📇
1183,-12.422369157650772,7.895868393267057,📈
1184,-13.66531691880326,2.0008223812790455,📉
1185,-9.328208580086134,3.364458120465634,📊
1186,6.336525946629703,-0.6675837326254898,📋
1187,9.99554408070946,-2.355548921268108,📌
1188,-4.24908852189755,8.768588102039924,📍
1189,7.13310258871559,9.448706362595745,📎
1190,-6.377782139946508,-7.7805568072643565,📏
1191,-7.326451989547735,-5.749781854746814,📐
1192,8.496655930685204,-2.305975460406225,📑
1193,-10.086798398232903,-0.8567802711821029,📒
1194,-12.678828274342974,-3.1944091677092072,📓
1195,-12.53039243028127,-2.808434231686901,📔
1196,-19.112688243827982,10.981616555204674,📕
1197,-12.131598808601105,-1.4986871968176843,📖
1198,-16.236965225408145,5.3996352507472,📗
1199,-15.073045954146451,-0.2423359354640501,📘
1200,-16.275942957291907,5.192031661734567,📙
1201,-9.540343466942186,-9.117470738304696,📚
1202,-10.487913693163927,-12.464354940617008,📛
1203,-7.381308821103258,-6.750720316265007,📜
1204,-12.713649396139653,-3.433749376861827,📝
1205,2.316985684934903,-2.5833142938137335,📞
1206,5.082823225190006,-2.265807314075847,📟
1207,-3.651174856495082,-9.699341251787164,📠
1208,14.931376609513597,4.186860927257542,📡
1209,-0.9278696369934363,-5.8395996482624,📢
1210,9.482506584607561,13.278434200161458,📣
1211,6.4485610784865335,-0.6193980844562533,📤
1212,13.380319700481898,2.9154073987300553,📥
1213,-4.786158655084312,-10.214759687914732,📦
1214,-8.256061227800735,-7.636192296361307,📧
1215,-16.29469115200121,4.707848977029258,📨
1216,-6.409023120718605,-4.156925089170649,📩
1217,-22.105896014784726,0.1386780409528984,📪
1218,-17.429606379006675,-5.125735436705645,📫
1219,-17.464102761334217,-1.5155053053875234,📬
1220,-20.66187369142429,-0.4647072158278835,📭
1221,5.7026340668609965,-2.4503609926351384,📮
1222,-1.2121722779447346,-5.9213083773103765,📯
1223,-8.640596135227533,-2.2242700186279323,📰
1224,6.961595335302459,-8.437760608214784,📱
1225,-9.948823537157974,-9.286378433803584,📲
1226,5.965979401379663,-4.612240793872132,📳
1227,-6.081283013107758,-11.17554195943368,📴
1228,-5.358551917303452,-9.781376323136096,📵
1229,-7.288441059798664,3.399274406820374,📶
1230,-2.75435949764444,-8.752391993767914,📷
1231,-1.4847547841544293,-6.481120093643891,📸
1232,5.886623934462589,-7.611280354890481,📹
1233,1.8224799822632545,-11.97428395540139,📺
1234,-3.051008756052917,-9.5655419787498,📻
1235,4.96540024615543,-8.674922652421863,📼
1236,6.610290323988823,-6.497017790821016,📽
1237,-2.3653107129952358,13.530222477420663,📿
1238,-10.504264637215842,10.362437083995514,🔀
1239,-2.5452341560443554,-1.1634193879437627,🔁
1240,-12.728724596388684,-10.210020003877688,🔂
1241,-18.10301850482242,5.703551343519694,🔃
1242,-15.07731275257111,-1.0792730316910244,🔄
1243,-5.666610237758976,6.15623621924395,🔅
1244,-9.801787351373672,-11.73853626559666,🔆
1245,-13.4756348528197,-1.0970185686462635,🔇
1246,-1.9562302312634132,-8.076261790276932,🔈
1247,-5.363865206495871,0.22432224207022178,🔉
1248,-5.3306036391639715,10.139800349018747,🔊
1249,7.099172485367232,-8.36699361289232,🔋
1250,-1.4622006625890447,-9.141476730810304,🔌
1251,-12.061160418131191,-2.1773577330597584,🔍
1252,-8.420190072351266,-11.094708252974877,🔎
1253,-9.415714124845879,-11.565405223571629,🔏
1254,-8.27061332882264,-10.83909048901626,🔐
1255,1.335061374178415,-2.8812425843674245,🔑
1256,-3.4286915634960664,-7.758638869866649,🔒
1257,-5.315449826775223,-9.892701033971194,🔓
1258,-2.0734488179928467,-10.231169946484652,🔔
1259,5.736736787539962,-2.6036045232441434,🔕
1260,-6.114597271296087,-8.502599426972992,🔖
1261,-2.237124015653208,-8.976625943113639,🔗
1262,-10.904893360314531,11.813345624014437,🔘
1263,-9.192257558369187,4.902567194013969,🔙
1264,-12.60680118892945,3.927164014338618,🔚
1265,-11.479285066604795,3.112912863150478,🔛
1266,-17.196506597193697,11.380140264530755,🔜
1267,-12.20430228293876,2.4402643531448427,🔝
1268,-16.049182510143343,-2.036404422348665,🔞
1269,-4.991172016102861,5.291982520765843,🔟
1270,3.363578875764208,-2.3075454257165844,🔠
1271,4.239033278394868,-0.317175109005801,🔡
1272,-2.918947187915563,-7.008934623512945,🔢
1273,1.904206486227253,-2.6818867565006,🔣
1274,-8.260697960997753,-7.928719904232238,🔤
1275,-3.139628059888124,2.9594770890259263,🔥
1276,-2.8515522509845304,-2.5943135251549356,🔦
1277,8.321353227219364,1.928851738016719,🔧
1278,7.408996051872377,-3.0921716747659875,🔨
1279,6.787377477789799,6.3240138717530705,🔩
1280,9.923549554331773,4.461773443874555,🔪
1281,1.5816878316732443,-7.9968490704232575,🔫
1282,5.946447799663652,-5.650028951893775,🔬
1283,5.0192171386155415,-4.118814294571704,🔭
1284,6.709666698399584,-3.9710216220434704,🔮
1285,-15.634280919870436,2.602935143404874,🔯
1286,-11.654353321962496,-6.6926529809809105,🔰
1287,-5.734208822407639,-6.168368116186069,🔱
1288,-13.921116267943011,3.799259235344023,🔲
1289,-8.635079162526132,-7.2770798959724665,🔳
1290,-11.716460997147143,8.944080206843065,🔴
1291,-15.244133949872129,5.020680760628365,🔵
1292,-7.475768047741817,8.951408140573527,🔶
1293,-10.222550264456546,0.6348707633934147,🔷
1294,14.59903128707113,4.267765945251697,🔸
1295,-6.794258641257287,8.951078018713105,🔹
1296,-16.35242438537414,2.460361995279543,🔼
1297,-16.110929089948947,0.3986800880685891,🔽
1298,5.274442224734537,0.32971183866241555,🕉
1299,-14.323065417542866,14.752881774968174,🕊
1300,5.205807035266009,-4.349392248306309,🕋
1301,-3.9203732513139418,-3.320895807127694,🕌
1302,11.24283519055634,-2.336897345969531,🕍
1303,0.8115844282771248,-2.0981683994863762,🕎
1304,-17.813280933645274,-2.0267108196634163,🕐
1305,-16.268692141328184,-2.6107547198244907,🕑
1306,-16.742716151495024,-2.1803007314179497,🕒
1307,-15.875146250599729,-2.5897468354300033,🕓
1308,-16.45863670223585,-2.3288084655332164,🕔
1309,-14.788972752693684,-1.4378941775304734,🕕
1310,-16.064573709520882,-3.2159662098488404,🕖
1311,-16.58627919690157,-1.9952070248362779,🕗
1312,-16.385450470974924,-2.1556197383182143,🕘
1313,-3.1684951635978993,9.24892496867641,🕙
1314,-11.293841593929246,-7.282040227387794,🕚
1315,-16.72284963984329,-1.5968806000840414,🕛
1316,6.1475905942653855,6.92084779993591,🕯
1317,-1.0466838073457334,-6.189231629450813,🕰
1318,-4.1815830927885225,0.6744165568700854,🕳
1319,1.6733630232647776,-5.031198036802506,🕴
1320,3.1425444551640673,-5.525448832591698,🕵
1321,-1.1823377067608365,5.740770213619117,🕶
1322,-3.989140299670767,12.551254151945392,🕷
1323,-4.875451466732542,-7.064202871410248,🕸
1324,6.25721132700847,-4.851279026932875,🕹
1325,15.848407726216205,2.2539712681564765,🕺
1326,-16.34481697637711,2.3085611452819785,🖇
1327,-16.635157385973177,3.962068658641035,🖊
1328,-4.160116131558342,-4.10108577084961,🖋
1329,-15.803679249870482,7.191226467358384,🖌
1330,-8.555879094398012,8.543393199432465,🖍
1331,-9.280025018440137,-4.242436529989945,🖐
1332,-11.801225263345296,12.964192977528592,🖕
1333,-15.940135934696857,-3.3916488968978418,🖖
1334,-17.759382824951153,6.885279579466453,🖖🏻
1335,-15.271373840571835,8.673045924848662,🖖🏼
1336,-14.79769626086551,8.915595607324978,🖖🏽
1337,-18.598308394501938,7.878203036588004,🖖🏾
1338,-14.941598362789966,15.469374379814866,🖖🏿
1339,-12.92496669626326,-0.8069317144023429,🖤
1340,3.9990406726759677,-3.391675008062436,🖥
1341,7.559760654565179,-3.060550260436782,🖨
1342,-16.12182480962526,7.338384749803657,🖱
1343,7.208737855672793,2.4480190854287143,🖲
1344,-8.673858957677698,-6.887483175508702,🖼
1345,-9.315335678310252,-11.199024609409502,🗂
1346,-4.47542179190574,-9.281452923909201,🗃
1347,-7.389901626170885,-10.221066700236834,🗄
1348,-1.8720601364442682,7.568267615701493,🗑
1349,-9.594144005203619,-11.148435016723841,🗒
1350,-9.49695164547712,-11.37099180988444,🗓
1351,-1.3945040074979587,-6.073170157645794,🗜
1352,-13.539466353208935,-2.74378770216508,🗝
1353,-6.224175508223122,-11.776517417319928,🗞
1354,8.34464479749433,-1.5521342214136697,🗡
1355,-13.829285043668914,11.471234620265488,🗣
1356,-10.405321398378357,7.758209518836369,🗨
1357,-7.649074934448535,14.13180044479405,🗯
1358,-15.279201075307915,-3.0948094284675,🗳
1359,-6.356595532954731,-11.553807339837602,🗺
1360,1.489266834743306,-10.036189834180286,🗻
1361,-6.5429033768787574,-3.131307493301084,🗼
1362,-9.153951005538103,-7.050121725867854,🗽
1363,-6.361217094855933,-3.803344621529244,🗾
1364,-0.953820376963688,8.21014899052632,🗿
1365,-5.112454446771873,17.301315269461558,😀
1366,11.580603574191473,10.856313853269723,😁
1367,-4.206147448494951,17.040847570276046,😂
1368,-3.025691673151009,16.693435652556392,😃
1369,-2.7156627416478254,16.68220917710327,😄
1370,7.350908918224319,13.704605256628861,😅
1371,8.519694573254629,10.361707783711669,😆
1372,-3.2482164177307924,7.833825459707998,😇
1373,8.978364970992665,12.56002979057968,😈
1374,7.011020757560482,12.05213550126833,😉
1375,8.368190403961627,10.388865726232648,😊
1376,14.060089512905261,5.032389499361541,😋
1377,-3.9365214915140743,10.024742980218514,😌
1378,-3.5168902075413726,15.73754568268956,😍
1379,-12.577570877889803,12.527470806114062,😎
1380,7.820428323928753,11.14272561265379,😏
1381,-0.2823580998537728,12.631883484582504,😐
1382,0.721680167823281,13.744101447377593,😑
1383,6.284230213449085,12.526647920012357,😒
1384,16.35643108046354,3.6902863869839337,😓
1385,2.108145948052005,13.030106672006966,😔
1386,11.09841697757124,-0.987725782810581,😕
1387,4.913554217569942,-2.0676954665229887,😖
1388,-0.8182178296708021,15.692162548651087,😗
1389,-3.5205259341095942,16.18945745780994,😘
1390,6.746693820946834,13.301198982772885,😙
1391,-3.355703423144732,16.387284449552336,😚
1392,9.064999735472213,11.836413890364343,😛
1393,9.602929449321019,13.57621853778708,😜
1394,8.937278551721192,12.019043400553818,😝
1395,3.1123149642378625,11.829589708197426,😞
1396,3.935638241500584,12.216735326024484,😟
1397,7.0146525935107436,13.409627162657173,😠
1398,7.967494154050095,13.377271324355712,😡
1399,7.42427160538565,13.042920634593326,😢
1400,12.328368143979802,1.1918736430413492,😣
1401,-6.558113158771046,13.587743059297528,😤
1402,9.035672655604433,14.658627505694392,😥
1403,7.435054739581746,13.140526954237682,😦
1404,6.700933115833724,13.193010547865063,😧
1405,9.189103262778266,13.792988548540805,😨
1406,3.7505499910774773,11.789972904963406,😩
1407,7.278024680932691,3.140734701712281,😪
1408,8.915527664683038,14.326683806719927,😫
1409,7.002418234077935,13.25042477481415,😬
1410,9.293006828089323,12.55799126003214,😭
1411,-6.060305667933392,11.383915567303855,😮
1412,15.795444623087581,3.735193361505169,😯
1413,7.698959435882878,13.242405742700331,😰
1414,3.5329288359354396,11.511500131867026,😱
1415,4.4339998173202195,12.103725591115474,😲
1416,10.715569196660937,10.11928657478763,😳
1417,15.288833927295435,3.3189835585856313,😴
1418,9.788364430926476,12.507044886082967,😵
1419,1.8700326157467908,13.099298846706764,😶
1420,2.6725750814211264,10.550239935390511,😷
1421,6.528162600794342,15.016464046165677,😸
1422,8.254285122783696,12.69638142780218,😹
1423,6.526416098445111,14.839649352634629,😺
1424,6.639534152351192,13.464807872700627,😻
1425,6.917282771782512,13.256772942565137,😼
1426,6.452314846575046,13.588722520427329,😽
1427,8.463215958434224,10.320906870635007,😾
1428,8.220543093203851,13.479513089985337,😿
1429,3.7761184653176874,11.482727667241102,🙀
1430,-11.00668201120653,17.081338503009942,🙁
1431,-8.758425264303767,16.33685378359259,🙂
1432,9.13584740613595,13.486233832306354,🙃
1433,-7.245053942184344,4.666619643729487,🙄
1434,-3.4683163358422147,10.014586670147661,🙅
1435,-16.661640150112095,11.769647242990429,🙅🏻
1436,-16.494216736268974,9.591536932417927,🙅🏼
1437,-11.612924164225065,16.089217505014073,🙅🏽
1438,-15.501422725711123,10.028079409321219,🙅🏾
1439,-3.2251769973579543,9.314151489651483,🙅🏿
1440,-5.101123597310548,2.84715620114966,🙆
1441,-16.157528216792095,13.191533694651442,🙆🏻
1442,-16.153952542735336,15.172017030245959,🙆🏼
1443,-10.137196968689521,16.04177164068857,🙆🏽
1444,-0.10607298989224101,14.801827892005353,🙆🏾
1445,-17.07992229090382,14.80044703271936,🙆🏿
1446,0.9470276231781428,4.033587747485367,🙇
1447,-15.561113208524729,13.746365692916147,🙇🏻
1448,-18.380371622362603,9.460088550198954,🙇🏼
1449,-13.106686344006986,14.664011591425329,🙇🏽
1450,-5.215811561764825,15.716692847100164,🙇🏾
1451,-16.502151114710923,13.313458317791271,🙇🏿
1452,2.4879820304447997,10.478618507521384,🙈
1453,10.075262327011012,1.5234308177361573,🙉
1454,0.25161639946900705,10.047968941946957,🙊
1455,-3.865396864995962,8.844793322898514,🙋
1456,-16.388603053425953,11.215340577107508,🙋🏻
1457,-16.222366877984925,9.967499126795792,🙋🏼
1458,-14.554620755625802,12.757398966432234,🙋🏽
1459,-13.20316486285045,10.313496724268216,🙋🏾
1460,-16.97540583530294,12.227951107626028,🙋🏿
1461,-0.9688190473899123,11.416900135334549,🙌
1462,-17.85533430281009,7.166751109816675,🙌🏻
1463,-14.400343630504135,9.786620110366695,🙌🏼
1464,-14.940137309908344,12.173669975661854,🙌🏽
1465,-9.049444703987115,-4.973145952596191,🙌🏾
1466,-17.670609880777025,7.9488460157630225,🙌🏿
1467,4.8434677795732055,13.787240317407234,🙍
1468,-12.596846691399987,16.02535425924777,🙍🏻
1469,-16.640663596238987,9.939487055069756,🙍🏼
1470,-12.362734983049025,16.216169219781523,🙍🏽
1471,-10.53943557304146,-7.437217872884359,🙍🏾
1472,-17.59766145888565,14.117608315644182,🙍🏿
1473,-3.1198485903999456,14.857554834073364,🙎
1474,-3.6776663647779073,13.903294459257708,🙎🏻
1475,-11.668502194216623,15.672275567387599,🙎🏼
1476,-6.579510196051051,16.80688270385534,🙎🏽
1477,14.736776184972955,3.9369265068901895,🙎🏾
1478,-12.390778820922518,15.628597956431381,🙎🏿
1479,5.119286743565474,13.907241972946021,🙏
1480,-16.790536681003218,10.289829581054706,🙏🏻
1481,-16.019883795393437,9.703160786117348,🙏🏼
1482,-5.934035886500153,15.556074396857008,🙏🏽
1483,-6.072905057249645,15.364373586703369,🙏🏾
1484,-17.95625694459462,14.479944415565605,🙏🏿
1485,4.211534834080124,-7.351349387260676,🚀
1486,9.196188636512364,-4.138377389621632,🚁
1487,2.6049786612661667,-11.378153233213428,🚂
1488,1.855880982926478,-12.430128158094211,🚃
1489,-3.3309617956916253,-3.374486018704835,🚄
1490,1.6760975319493017,-13.028730870619226,🚅
1491,1.9602161586314157,-12.432999036490838,🚆
1492,0.9090764149331338,-8.584767621890174,🚇
1493,-2.883072992973806,-3.872142969897759,🚈
1494,1.7837975059500808,-12.45351644437585,🚉
1495,3.422445409233027,-11.950370717165018,🚊
1496,2.454886959469816,-11.844603703718395,🚋
1497,0.38296742062578587,-8.042924481750095,🚌
1498,-4.7176375246367215,-4.263856541175327,🚍
1499,2.130090784347358,-11.893206299936308,🚎
1500,3.187027968381277,-11.903237392602776,🚏
1501,1.397608857999555,-11.97356820487519,🚐
1502,-3.683935671318235,-12.251295863084527,🚑
1503,-3.1543988026459444,-8.499978794119427,🚒
1504,-4.871710977709231,-11.264440850916557,🚓
1505,-4.715981402011513,-13.206858345970591,🚔
1506,-1.8699954753254127,-9.214364006866704,🚕
1507,-5.478704117818086,-6.70363023749892,🚖
1508,-5.802661306312778,-3.28117176983869,🚗
1509,1.5824837157644054,-12.898286467623729,🚘
1510,4.413865340271888,-8.650325332271246,🚙
1511,2.4409027257678106,-10.09570746047807,🚚
1512,6.382465097049969,1.7545559266342008,🚛
1513,10.525042279521212,-5.388456156333963,🚜
1514,2.8144139736805247,-10.14319562079978,🚝
1515,3.409317733535046,-11.81389233307277,🚞
1516,3.0759914648032245,-11.186611354978053,🚟
1517,2.567897358220447,-10.088639390152785,🚠
1518,3.664871336613172,-11.946351304204367,🚡
1519,-1.0262396795309026,-9.573730451853093,🚢
1520,6.893901265439013,-3.186394284424566,🚣
1521,10.513780682172438,-5.505464338216444,🚣🏻
1522,-9.315727364690035,3.7968524606820027,🚣🏼
1523,9.239628553726014,3.4514241717925924,🚣🏽
1524,-10.080616142928186,6.284603952890521,🚣🏾
1525,10.449943069900776,-5.8567774912880575,🚣🏿
1526,0.7395719344576834,-9.59491232634318,🚤
1527,-7.534183867023769,2.9916093700411683,🚥
1528,-6.372260073504391,9.84807829444494,🚦
1529,-0.5602760060045269,11.75874403434025,🚧
1530,-7.849974968251234,-13.125988782886319,🚨
1531,-7.593981890829792,-3.209340430897946,🚩
1532,-0.8803761384811156,-10.180897960043092,🚪
1533,-9.060581911236412,11.449968094109192,🚫
1534,13.586531979110832,6.607446229503927,🚬
1535,-2.7465147657585245,10.207279669337597,🚭
1536,-6.691712300167041,-2.241607954883516,🚮
1537,-2.839749824190668,10.253721531142752,🚯
1538,3.6331933241392473,7.087656259220412,🚰
1539,4.528739500417235,7.654833631918603,🚱
1540,2.7082627221938265,-11.318824544918446,🚲
1541,-1.48014609712119,-3.4165280833395375,🚳
1542,3.3595546382117356,-11.920441165801947,🚴
1543,-10.711213382155945,5.487245011241484,🚴🏻
1544,-9.787200066377363,4.936359593374528,🚴🏼
1545,-6.37347502578862,14.00183417472172,🚴🏽
1546,-6.863582751476367,6.867511490726378,🚴🏾
1547,-10.078418173516507,5.161976530956844,🚴🏿
1548,3.8599628761714917,-12.013343276363736,🚵
1549,-8.313300677516413,5.932513092148567,🚵🏻
1550,-8.515004900677702,5.837685497513632,🚵🏼
1551,-10.202031924686008,8.621050922875074,🚵🏽
1552,-10.24679685698038,4.823448156726009,🚵🏾
1553,-8.516436406668976,5.886276208063761,🚵🏿
1554,-1.9554349949867826,-2.2884314687438034,🚶
1555,-11.143714563925787,3.7710132056621863,🚶🏻
1556,-10.670892255118236,4.348782745364481,🚶🏼
1557,-3.5682991525139074,13.913297019678033,🚶🏽
1558,-9.856097226528389,4.291912504244363,🚶🏾
1559,-11.525669011551793,3.0870946585038443,🚶🏿
1560,-2.339389775144765,2.495471369012775,🚷
1561,10.667290951848056,-5.221504477141361,🚸
1562,-1.3462390216207536,9.955458295074733,🚹
1563,-0.8968873670827047,10.56334912644216,🚺
1564,-1.1163321118723943,10.559517506394352,🚻
1565,-2.1918235301443207,8.957499214279883,🚼
1566,0.49141858895347634,3.1359979397186604,🚽
1567,-0.2529180031889163,7.418973308986643,🚾
1568,9.3547087168776,6.563395569458111,🚿
1569,9.465363354858127,-5.585252144916725,🛀
1570,-11.577685744053618,4.660367050314927,🛀🏻
1571,-11.844953252406311,2.9303127048449906,🛀🏼
1572,6.623706261750522,6.3066470819155995,🛀🏽
1573,6.514116584657778,5.801689353118503,🛀🏾
1574,6.400343030601806,5.945020537255221,🛀🏿
1575,5.937195729791062,5.9635872523451585,🛁
1576,-4.3274533502788355,-8.05514770241524,🛂
1577,-4.426345845909283,-6.413950189830275,🛃
1578,2.832590107532829,-5.346190720485574,🛄
1579,-3.5250294522720282,-5.1880750820119115,🛅
1580,-9.711636301416162,9.37600283620486,🛋
1581,-5.003451265922229,-6.687326650164229,🛌
1582,-0.15349096945364968,-9.723829404157577,🛍
1583,6.9069024041613405,-6.827750152611504,🛎
1584,-3.7238964927457916,7.956306222040761,🛏
1585,-3.1280808063218757,-3.343257138828959,🛐
1586,-13.55891298898969,-2.0963259627886086,🛑
1587,-12.236309689021875,7.4036444388528775,🛠
1588,-9.093281661910432,-12.360160279414547,🛡
1589,10.168320144380957,4.080499787727129,🛢
1590,-3.5901140029349037,-3.1112964956847398,🛣
1591,-0.2346682596100401,-9.17772010634522,🛤
1592,0.7005922140491038,-8.610084088747769,🛥
1593,1.6461125701793446,-10.158848906425508,🛩
1594,-5.623998992002768,-12.434172968584962,🛫
1595,0.188449800408124,-9.49875603973151,🛬
1596,5.838916175882532,-5.730176927078957,🛰
1597,-0.3774877185262614,-9.42046528390392,🛳
1598,10.32400028140066,-5.381158351736404,🛴
1599,1.725293498020907,-10.110249468035878,🛵
1600,-18.153548375492402,11.532295830290284,🤐
1601,-4.662215719369433,8.646475171067436,🤑
1602,-3.7578409327062676,9.498664638286694,🤒
1603,6.876877377946126,11.785168227742725,🤓
1604,10.906608107500709,-1.267995145666553,🤔
1605,-1.8308010327320314,8.057415715196255,🤕
1606,-2.317599063786865,6.702771119311182,🤖
1607,9.967383173812504,12.272354319715177,🤗
1608,-2.7575949229219088,6.153569446742158,🤘
1609,1.0623594397671252,13.542070811905239,🤙
1610,-7.794364580954992,13.312361777531512,🤚
1611,-12.621514620185163,12.247414241877186,🤛
1612,-8.913916499179235,16.053977670077163,🤜
1613,1.018048059475397,13.457180134143927,🤝
1614,-18.070266061992292,14.064111603739933,🤞
1615,-4.539064135245936,6.971063810578649,🤠
1616,8.683624093685292,13.022127866223736,🤡
1617,7.7576391609423005,12.570998920866831,🤢
1618,4.384298830091329,7.423093381823168,🤣
1619,1.2383408109859544,5.260067662929009,🤤
1620,8.43434185535154,11.971697309092859,🤥
1621,0.8936692894464268,10.616138181685601,🤦
1622,6.681386420495516,13.437188335283942,🤧
1623,-5.018305038054931,7.80502124300113,🤰
1624,10.186290843514648,-0.7560249876520924,🤳
1625,3.1024025656875787,3.9440649120649494,🤴
1626,-3.460198186154138,7.648545749094618,🤵
1627,-5.7771188830224975,2.7048938128386864,🤶
1628,8.48229335272616,12.690643365409594,🤷
1629,4.539463599976496,-5.072336435109841,🤹
1630,9.615316821492508,1.3995437778149569,🤺
1631,-8.714884834709625,15.847710417212141,🤾
1632,-4.810014675046203,13.841131631908084,🥀
1633,9.663668686891738,2.6819707569217917,🥂
1634,12.814211201110034,4.186105001720201,🥃
1635,-10.563411351473622,7.478289822240653,🥄
1636,-10.264493126799982,12.296864431637953,🥐
1637,9.582950190174332,10.1120848474814,🥑
1638,8.535601835475113,-1.4994133673620946,🥒
1639,6.50262617871265,6.6826913663170435,🥓
1640,11.133233542006913,6.345055099379997,🥔
1641,-9.439497108544067,-6.020517964638765,🥕
1642,9.9008692527762,4.564482731226292,🥖
1643,9.014325690274937,5.788191496430324,🥗
1644,-10.479973858865065,6.903042714907752,🥘
1645,12.310202886316212,-1.521918717042802,🥙
1646,-5.173200907296223,-12.37476769209487,🥡
1647,-5.266646897229954,13.513547152094732,🦀
1648,9.144145411986829,11.22612104746536,🦁
1649,9.39088843728665,10.447287742053287,🦂
1650,11.42884161989298,7.2099408641885,🦃
1651,9.63374633345357,11.535691018555001,🦄
1652,-10.028067800626749,12.369485523076047,🦅
1653,11.469940969568437,7.473790081506624,🦆
1654,7.2319458281302476,-1.0716539608401108,🦇
1655,8.50692188240481,10.161284474145488,🦈
1656,12.795231652232413,0.04229113680727181,🦉
1657,-12.54571698558357,12.992689766965464,🦊
1658,-7.889441343226704,9.46787377482726,🦋
1659,12.068538202367426,1.266657030436782,🦏
1660,-4.72344377978723,4.006110259744002,🧀
